﻿{
    "toggleToMultiShip": "I want to ship to multiple addresses",
    "toggleToSingleShip": "Ship to single address",
    "purchaseOrder": "Purchase Order",
    "purchaseOrderAmount": "Amount",
    "purchaseOrderNumber": "PO Number",
    "purchaseOrderNumberMissing": "Purchase order number required",
    "purchaseOrderPaymentTerms": "Payment Terms",
    "selectPurchaseOrderPaymentTerm": "Select a Payment Term",
    "purchaseOrderPaymentTermMissing": "Payment term required",
    "purchaseOrderCustomFieldMissing": "Purchase order field required, see below",
    "missing": "missing",
    "inStorePickup": "In-Store Pickup",
    "unavailableForThisItem": "Unavailable for this item.",
    "shipItems": "Ship Items",
    "shippingTo": "Items shipping to",
    "inStoreOnly": "This item is available in-store only.",
    "changeStore": "Change store",
    "digitalDeliveryOnly": "This item is available via digital delivery only.",
    "selectStore": "Select Store",
    "volumePriceQuantity": "Quantity",
    "volumePriceUnitPrice": "Unit Price",
    "volumePriceSavings": "Savings",
    "volumePriceMinMaxQty": "{0} - {1}",
    "volumePriceMinOnlyQty": "{0}+",
    "mapPrice": "add to cart to see final price",
    "additionalInformation": "Additional Information",
    "printWindowPrintButton": "Print",
    "printWindowCancelButton": "Cancel",
    "returnPrintLabelButton": "Print",
    "shippingDestinationEditAddress": "Edit Address",
    "dateFormat": "j.n.Y",
    "logOut": "Abmeldung",
    "logIn": "Einloggen",
    "signOut": "Ausloggen",
    "logIn2": "Melden Sie sich bei Ihrem Konto",
    "recoveryQuestion": "Wählen Sie eine Wiederherstellungsfrage",
    "recoveryAnswer": "Antwort eingeben",
    "signupEmailupdates": "Melden Sie sich für Christbaum Shops an E-Mail Updates über neue Dienste und spezielle AngeboteMelden Sie sich für Christbaum Shops an E-Mail Updates über neue Dienste und spezielle Angebote!",
    "secureConnectionMessage": "Ihre Verbindung zu dieser Website ist sicher.",
    "signUp": "Anmeldung",
    "signUpLink": "Ein Konto erstellen",
    "forgotPassword": "Passwort vergessen",
    "liteRegForgotPasswordLabel": "Passwort vergessen?",
    "orderStatus": "Bestellstatus",
    "order": "Bestellen",
    "verifyWith": "Stellen Sie sicher, mit",
    "verification": "Überprüfung",
    "billingPostalCode": "Abrechnung-Postleitzahl",
    "billingPhoneNumber": "Abrechnung-Telefonnummer",
    "viewCart": "Einkaufswagen",
    "search": "Suche",
    "of": "von",
    "from": "aus",
    "all": "Alle",
    "save": "Sparen",
    "add": "Hinzufügen",
    "allRightsReserved": "Alle Rechte vorbehalten.",
    "poweredBy": "Präsentiert von Mozu",
    "product": "Produkt",
    "productOutOfStock": "Produkt ist nicht auf Lager.",
    "productOutOfStockError": "Die folgenden Artikel haben eine begrenzte Menge oder sind nicht auf Lager.",
    "productaddToCartError": "Die folgenden Artikel werden nicht zum Warenkorb hinzugefügt",
    "item": "Artikel",
    "price": "Preis",
    "qty": "Menge",
    "each": "jeder",
    "total": "Gesamt",
    "subtotal": "Zwischensumme",
    "tax": "Steuer",
    "taxDuty": "Zölle und Steuern",
    "shippingHandling": "Versandkosten",
    "additionalHandling": "Zusätzliche Handhabung",
    "digitalCreditTotal": "Weniger   : Geschenkkarten",
    "digitalCreditSubtractFromOrderPrefix": "",
    "digitalCreditSubtractFromOrderSuffix": "",
    "remainingBalance": "Restbetrag",
    "clear": "klar",
    "cancel": "stornieren",
    "close": "close",
    "sendEmail": "E-Mail senden",
    "productCode": "Produkt-Code",
    "remove": "entfernen",
    "delete": "löschen",
    "edit": "Bearbeiten",
    "next": "nächste",
    "submit": "einreichen",
    "actions": "Aktionen",
    "status": "Status",
    "comments": "Kommentare",
    "couponCode": "Gutschein-Code",
    "invalidCouponCode": "Entschuldigung, es scheint kein gültiger Gutscheincode zu sein.",
    "couponDisclaimer": "Notiz: \"{0}\" könnte bei der Kasse angewendet werden.",
    "apply": "anwenden",
    "nameOnCheck": "Name On prüfen",
    "routingNumber": "Routing Number",
    "checkNumber": "Nummer Prüfung",
    "cardType": "Kartentyp",
    "cardNumber": "Kartennummer",
    "nameOnCard": "Name auf der Karte",
    "expires": "Verfällt",
    "securityCode": "Sicherheitscode",
    "phone": "Telefon",
    "email": "E-Mail",
    "emailAddress": "E-Mail-Addresse",
    "logInInput": "Benutzername oder E-mail Adresse",
    "creditCard": "Kreditkarte",
    "payPal": "Paypal Express",
    "password": "Passwort",
    "enterPassword": "Enter Password",
    "reEnterPassword": "Re-enter Password",
    "newPassword": "Neues Passwort",
    "oldPassword": "Altes Passwort",
    "change": "ändern",
    "removePayment": "entfernen",
    "editSavedCard": "Bearbeiten von Kreditkarte",
    "passwordChanged": "Passwort wurde erfolgreich geändert.",
    "confirmPassword": "Passwort bestätigen",
    "billingContact": "Billing Kontakt",
    "shippingContact": "Versand Kontakt",
    "firstName": "Vorname",
    "lastName": "Nachname",
    "address": "Adresse",
    "addressType": "Adresstyp",
    "residential": "Wohn",
    "commercial": "Handels-",
    "select": "Wählen",
    "city": "City",
    "country": "Land",
    "state": "Zustand",
    "province": "Provinz",
    "stateOrProvince": "Staat / Provinz",
    "postalCode": "Postleitzahl",
    "postalTown": "Post Stadt",
    "freeShipping": "Versand kostenfrei",
    "trackingNumber": "Auftragsnummer, Frachtnummer, Sendungscode",
    "totalWeight": "Total Weight",
    "location": "Location",
    "pickupDate": "Pickup Date",
    "previousPage": "Vorherige Seite",
    "nextPage": "Nächste Seite",
    "pageStatePlural": "Zeige {0} - {1} von {2} Ergebnissen",
    "pageStateSingular": "Zeige 1 Ergebnisse",
    "show": "zeigen",
    "sortBy": "Sortieren nach",
    "default": "Beste Ergebnisse",
    "sortByPriceAsc": "Preis: aufsteigend",
    "sortByPriceDesc": "Preis: absteigend",
    "sortByNameAsc": "Alphabetisch: A-Z",
    "sortByNameDesc": "Alphabetisch: Z-A",
    "sortByDateAsc": "Älteste zuerst",
    "sortByDateDesc": "Neueste zuerst",
    "resultsPerPage": "Ergebnisse pro Seite",
    "registeredCustomer": "Registriert Kunde?",
    "register": "registrieren",
    "stackTrace": "Details",
    "pleaseSelect": "Bitte wählen",
    "forgotPasswordLink": "Passwort vergessen?",
    "resetPassword": "Passwort zurücksetzen",
    "resetEmailSent": "Sie sollten eine E-Mail mit Anweisungen erhalten, um Ihr Passwort zurückzusetzen kurz.",
    "resetPasswordDone": "Ihr neues Passwort gesetzt wurde. Bitte loggen Sie sich ein.",
    "unexpectedError": "Leider ist ein unerwarteter Fehler aufgetreten. Bitte aktualisieren Sie die Seite und versuchen Sie es erneut, oder kontaktieren Sie den Support.",
    "navMore": "Mehr ...",
    "blankSearchResult": "Please enter a keyword or item number.",
    "searchLessCharacters": "Your keyword or item number must be at least 3 characters long",
    "searchResults": "Suchergebnisse",
    "searchTitle": "Suchergebnisse für {0}",
    "noResultsTitle": "Keine Ergebnisse für {0}",
    "sorryLabel": "Es tut uns leid",
    "noResultsText": "Wir konnten nicht finden ",
    "anotherSearchText": "Bitte versuchen Sie es erneut",
    "searchResultsSummary": "Ihre Suche nach \"{0}\" im {1} ergab {2} Ergebnisse. <a href=\"#\" data-mz-action=\"expandSearch\">Wiederholen Sie diese Suche in allen Kategorien.</a>",
    "cart": "Wagen",
    "yourCart": "Your Wagen",
    "itemTotal": "Artikel Total",
    "cartEmpty": "Sie haben keine Artikel in Ihrem Warenkorb.",
    "taxAtCheckout": "Tax & Versand an der Kasse berechnet",
    "orderTotal": "Gesamtbestellung",
    "emptyCart": "Einkaufswagen leeren",
    "proceedToCheckout": "Kasse",
    "cartCheckout": "Cart Checkout",
    "storePickupAt": "In-Store Pickup <strong> {0} </ strong>",
    "checkout": "Kasse",
    "orderSummary": "Bestellübersicht",
    "shippingInformation": "Verschiffen Nach",
    "noFulfillmentInfoRequired": "Keine Versandkosten Informationen sind erforderlich, da alle Einzelteile in der Filiale abgeholt oder digital erfüllt werden.",
    "selectValidAddress": "Wählen Sie eine Adresse aus diesen Alternativen   :",
    "addressValidationError": "Wir könnten diese Adresse nicht validieren. Bitte überprüfen Sie die eingegebene Adresse und versuchen Sie es erneut.",
    "suggestionNum": "Vorschlag Nr. {0}",
    "shippingMethod": "Versandart",
    "shippingMethodSelector": "Select Ship Method",
    "selectBillingContact": "Select Billing Contact",
    "selectShippingContact": "Select Shipping Contact",
    "packagingType": "Packaging Type",
    "noShippingMethods": "Sorry, keine Versandmethoden zur Verfügung.",
    "digitalFulfillmentContact": "Digitale Geschenkkarte",
    "paymentInformation": "Zahlung",
    "saveCard": "Speichern Sie Kreditkarteninformationen",
    "billingAddress": "Rechnungsadresse",
    "savedPaymentMethods": "Gespeichert Zahlungsmethoden",
    "selectSavedPaymentMethod": "Wählen Sie eine gespeicherte Zahlungsmethode",
    "enterNewPaymentMethod": "Geben Sie eine neue Zahlungsmethode",
    "paymentType": "Zahlungsart",
    "selectPaymentType": "Wählen Sie eine Zahlungsart",
    "paypalExpress": "PayPal Express",
    "payPalTagline": "Die sicherer, einfacher Weg, um zu bezahlen.",
    "paypalExpressInfo": "Wenn Sie auf Weiter klicken, werden Sie zu PayPal getroffen werden, um den Vorgang abzuschließen.",
    "paypalExpressSummary": "Diese Transaktion wird von PayPal Express verarbeitet werden.",
    "paypalExpressCancelled": "Die Paypal Express Transaktion wurde abgebrochen. Bitte wählen Sie eine andere Zahlungsmethode.",
    "checkByMail": "Überprüfen Sie per Mail",
    "useShippingAddress": "Verwenden Sie meine Lieferadresse",
    "optIn": "Ja! Ich möchte Neuigkeiten und besondere Angebote von {0} erhalten!",
    "promoCodeError": "Sorry, '{0}' nicht erscheint, um eine gültige Gutscheincode.",
    "reviewOrder": "Füllen Sie Ihre Bestellung",
    "reviewOrderText": "Bitte lesen Sie alle Informationen, die auf dieser Seite und, wenn nötig, Änderungen vornehmen, bevor Sie Ihre Bestellung.",
    "agreeToTerms": "Ich stimme den <a href='/terms-of-use' target='_blank'>Allgemeinen Geschäftsbedingungen Bedingungen</a>.",
    "createAccount": "Erstellen Sie ein Konto für die einfache Vorgang bei künftigen Bestellungen",
    "placeOrder": "Bestellung aufgeben",
    "orderConfirmation": "Auftragsbestätigung",
    "confirmationText": "Vielen Dank für Ihre Bestellung! Sie erhalten eine E-Mail-Bestätigung.",
    "yourOrderNumber": "Ihre Auftragsnummer ist <strong> {0} </ strong>.",
    "yourOrderStatus": "Your order status is <strong>{0}</strong>.",
    "customerId": "Customer #",
    "payments": "Zahlungen",
    "orderDetails": "Bestelldetails",
    "orderNumber": "Bestellnummer",
    "orderNo": "Order #",
    "orderDate": "Bestelldatum",
    "orderWelcome": "Hallo",
    "storePickupFor": "Shop Pickup für <strong> {0} </ strong>",
    "storeName": "Store Name",
    "orderConfirmationBlob1": "Danke für den Einkauf bei uns im {0}. Ihre Bestellung wurde angenommen und wir werden es für den Versand vor. Wenn Sie möchten, um Ihre Aufträge oder verwalten, besuchen Sie bitte <a href=\"//{1}/myaccount\">Mein Konto</a>",
    "checkOrderStatus": "Bestellstatus überprüfen",
    "emailOpening": "Hallo {0}",
    "emailOpeningAlternative": "Hallo!",
    "emailHelpText": "For additional questions, please email us at <a href='mailto:{0}'>{0}</a> or call us at {1} so that we may assist you.",
    "emailClosing": "<p> freundlichen Grüßen,</ br> {0} </ p>",
    "inStockBlob1": "<p> Danke für den Einkauf bei {0}! Wir haben gute Nachrichten für Sie - wir haben jetzt die folgenden Artikel (s) auf Lager   : </ p>",
    "inStockBlob2": "<p>, die Einzelteile in den Warenkorb legen   : <a href = \"",
    "orderShipped": "Ihre Bestellung versandt wurde",
    "orderShippedPkgHeader": "Versand über {0} {1}",
    "orderShipmentBlob1": "<p> Danke für den Einkauf bei {0}. Ihre Bestellung wurde mit {2} ausgeliefert. Sobald eine Bestellung versendet wurde, kann sie nicht mehr aktualisiert werden. Falls Sie ein Element aus diesem Auftrag zurückzugeben oder auf andere Aufträge zu überprüfen, besuchen Sie bitte <a href = \"",
    "orderShipmentBlob2": "<p> Daten über Tracking kann nicht zeigen, bis auf Ihrem Konto für mindestens 24 Stunden vom Versanddatum. </ p>",
    "returnApprovedBlob1": "<p> Danke für den Einkauf bei {0}. Ihre Anfrage an die folgende Position (en) zurück angenommen wurde. </ P>",
    "returnApprovedBlob2": "Zur Bearbeitung Ihrer Online-Kauf zurück   :. </ p> <ol> <li> Packen Sie Ihre Rückkehr in ursprünglichen Versandverpackung, wenn möglich </ li> Die beigefügten Lieferschein einbeziehen und Rücketikett , und geben Sie den . Grund für die Rückkehr </ li> <li> alle Originalverpackung und Zubehör einschließen </ li> <li> senden Sie Ihre Rückkehr zu   :. </ li> </ ol>",
    "returnApprovedBlob3": "<p> Sie eine Email erhalten, wenn wir die Rücksendung (n) zu erhalten. </ p>",
    "returnRejectedBlob1": "<p> Danke für den Einkauf bei {0}. Wir bedauern, Ihnen mitteilen zu können, dass Ihre Anfrage an die folgende Position (en) zurück abgelehnt wurde   : </ p>",
    "returnRejectedBlob2": "<p> Wenn Sie weitere Informationen über unsere Rückkehr und Devisenpolitik erfahren möchten, besuchen Sie bitte unsere Rückkehr u. Devisenpolitik-Seite. </ p>",
    "returnReceivedBlob1": "<p> Danke für den Einkauf bei {0}. Wir wollten Sie wissen, dass wir die folgenden Rücksendungen empfangen zu lassen   : </ p>",
    "returnReceivedBlob2": "<p> Sie eine Email erhalten, wenn wir Ihre Rückkehr verarbeitet. </ p>",
    "returnOtherBlob1": "<p> Danke für den Einkauf bei {0}. Wir wollten Sie wissen, dass Ihr Rückgabestatus ist jetzt {1}. </ P> zu lassen",
    "returnOtherBlob2": "<p> Sie eine Email erhalten, wenn wir Ihre Rückkehr verarbeitet. </ p>",
    "returnClosedBlob1": "<p> Bitte beachten Sie, dass wir fertig Bearbeitung Ihrer Rückerstattung Anfrage. Sie werden Ihre Rückerstattung innerhalb von 3-5 erhalten? Werktagen mit der verwendet wird, wenn der Kauf platziert wurde ursprünglichen Zahlungsmethode. </ p>",
    "returnClosedBlob2": "<p> Wenn Sie weitere Hilfe benötigen, wenden Sie sich bitte an den Kundendienst kontaktieren </ p>",
    "itemsShipped": "Sendungsdetails",
    "newUserEmailSalutation": "Wilkommen auf {0},",
    "newUserEmailNotification": "Ihre Kunden Konto wurde erstellt, und Sie können jederzeit an <a href=\"//{0}/\">http://{0}/</a> melden Sie sich als {1}.",
    "emailPasswordTop": "Wir haben eine Anfrage erhalten, um das Passwort mit diesem E-Mail-Adresse und den Benutzernamen {0} assoziiert zurückgesetzt. Wenn Sie diesen Antrag gestellt, klicken Sie bitte auf den folgenden Link, oder kopieren und in das Adressfenster Ihres Browsers   : ",
    "emailPasswordBottom": "If you did not make this password reset request, then ignore this email.",
    "billingInformation": "Abrechnungsinformationen",
    "billingName": "Billing Namen",
    "billingPhone": "Billing Phone",
    "billingEmail": "E-Mail-Billing",
    "billing": "Billing",
    "storeCredits": "Shop Credits",
    "storeCreditAvailable": "Sie haben die folgenden Speicherkredite zur Verfügung   :",
    "storeCreditApplied": "Sie haben die folgenden Speicherkredite aufgebracht, um Ihre Bestellung   :",
    "digitalCredits": "Geschenk-Karte und Shop Kredit",
    "digitalCreditCode": "Code",
    "digitalCreditBalance": "Balance",
    "digitalCreditAmtToUse": "Amt. zu bewerben,",
    "digitalCreditRemainder": "Rest",
    "digitalCreditAddToAccount": "In meinem Konto",
    "digitalCreditApplied": "Sie haben die folgenden Geschenkkarte oder Gutschrift Zahlungen an Ihre Reihenfolge angewendet   :",
    "remainingTotal": "Ihre verbleibende Gesamt ist   :",
    "applyCredit": "Bewerben Kredit",
    "mailCheckTo": "E-Mail-Check auf",
    "shipTo": "ausliefern",
    "shippedTo": "Versand nach",
    "giftMessage": "Geschenk-Nachricht",
    "customerAlreadyExists": "Ein Kunde ist bereits als {0} registriert. <a href = \"",
    "noPaymentRequired": "Ihr Gesamt ist {0}, so dass keine Zahlungsmethode erforderlich ist.",
    "noPaymentWasRequired": "Ihr Gesamt wurde {0} , so dass keine Zahlungsmethode erforderlich war .",
    "giftCardEmailBanner": "<- <a href = \"",
    "giftCardEmailGreeting": "Hallo {0} {1},",
    "giftCardEmailImage": "<- <a href = \"",
    "giftCardEmailIntro": "<p> Vielen Dank für den Kauf eines {0} Geschenkkarte. Diese Nachricht nicht löschen - die Geschenkkarte einlösen müssen Sie die Geschenkkarte Anspruch nachfolgenden Code verwenden. Sie können eine Kopie dieser Nachricht für eine einfache Referenz später zu drucken. </ P>",
    "giftCardEmailAmount": "Geschenkkarte Betrag   :",
    "giftCardEmailClaimCode": "Anspruch Code   :",
    "giftCardEmailInstructions": "Befolgen Sie diese Schritte, um die Geschenkkarte einlösen   : <li> Besuchen Sie <a href = \"",
    "giftCardEmailClosing": "<p> Wenn Sie Fragen zu lösen Sie Ihre Geschenkkarte haben, besuchen Sie <a href = \"",
    "errorApology": "Sorry, ein Fehler aufgetreten.",
    "errorDetail": "Unsere Software hat einen Fehler nicht beheben konnte.",
    "myAccount": "mein Konto",
    "myInformation": "Meine Information",
    "myInformationDetails": "Ihre persönlichen Daten, Benutzername / Passwort, E-Mail-Einstellungen, Produktbewertungen und Zahlungsmethoden. ",
    "yourAccount": "Ihr Konto",
    "accountSettings": "Kontoeinstellungen",
    "accountMyWishlist": "Mein Wunschzettel",
    "accountYourWishlist": "Ihre Wunschliste",
    "accountNoWishlists": "Sie haben keine Artikel in der Wunschliste.",
    "accountNoOrders": "Sie haben noch keine Aufträge erteilt.",
    "accountNoReturns": "Sie haben keine Rückkehr angefordert.",
    "accountNoCredits": "Sie haben keine Speicher Credits.",
    "orderHistory": "Bestellverlauf",
    "orderHistoryDetails": "Überprüfen Sie alle Aufträge und verfolgen Sie die letzten Einkäufe.",
    "paymentMethod": "Zahlungsmethode",
    "paymentMethods": "Zahlungsmethoden",
    "addressBook": "Adressbuch",
    "addressBookDetails": "Geschenk an Freunde oder Familie? Verwalten Sie alle Ihre Adressen in Ihrem persönlichen Adressbuch.",
    "wishlist": "Wunschliste",
    "wishlistDetails": "Finden Sie einen Artikel, den Sie wollen? Klicken Sie auf das Herz-Symbol beim Einkaufen, um Ihre eigene Wunschliste zu erstellen, dann schicken Sie es an Ihre Freunde und Familie!",
    "storeCredit": "Shop Kredit",
    "digitalCredit": "Gift Cards & Store Credits",
    "accountOptIn": "Bitte halten Sie mich auf dem Laufenden über Neuigkeiten und Sonderangebote Shop",
    "viewOrderHistory": "View Auftrags Geschichte",
    "changePassword": "Kennwort ändern",
    "shipped": "Versand",
    "return": "Rückkehr",
    "returns": "Retouren",
    "refund": "Rückerstattung",
    "replace": "ersetzen",
    "returnOrReplace": "Rückkehr oder ersetzt Artikel",
    "trackPackage": "Verfolgen das Paket",
    "returnRequestDate": "Zurück Anforderungsdatum",
    "addNewCard": "In neue Karte",
    "noSavedCards": "Sie haben keine gespeicherten Zahlungsmethoden.",
    "confirmDeleteCard": "Sind Sie sicher, dass Sie die Kreditkarte {0} löschen?",
    "contactType": "Typ",
    "primary": "primär",
    "addNewContact": "Neue Adresse hinzufügen",
    "noSavedContacts": "Sie haben noch keine Adressen gespeichert.",
    "confirmDeleteContact": "Sind Sie sicher, dass Sie die Adresse {0} löschen?",
    "removeFromWishlist": "Von Wunschliste entfernen",
    "addedToCart": "{0} wurde zu Ihrem Warenkorb hinzugefügt.",
    "leaveOnWishlist": "Lassen Sie auf Wunschzettel",
    "confirmRemoveFromWishlist": "Sind Sie sicher, dass Sie aus Ihrer Merkliste entfernen {0} wollen?",
    "selectBillingAddress": "Wählen Rechnungsadresse",
    "enterNewAddress": "Geben Sie Neue Adresse",
    "reasonForReturn": "Grund für die Rückgabe",
    "quantityToReturn": "Menge Rückgabe",
    "optionalComments": "Kommentare (Optional)",
    "returnType": "Rückgabetyp",
    "returnInfo": "Bitte füllen Sie dieses Formular aus, um eine Rückkehr zu beantragen. Versandkosten werden pro Artikel angefordert, und nicht pro Bestellung oder Lieferung. Sehen Sie sich die <HTML Link> um mehr zu erfahren.",
    "returnTotal": "Zurück Gesamt",
    "returning": "Rückkehr",
    "returnDetails": "Angaben zur Rückkehr",
    "returnNumber": "RMA #",
    "enterStoreCredit": "Geben Shop Kredit Anzahl",
    "storeCreditNumber": "Shop Kredit Anzahl",
    "enterDigitalCredit": "Geben Sie Geschenk-Karte oder Kredit Shop-Code",
    "digitalCreditAvailable": "Sie haben die folgenden Geschenk-Karten und Speicherkredite zur Verfügung   :",
    "digitalCreditsAnchor": "Giftcards",
    "creditDate": "Kredit Datum",
    "creditAmount": "Kreditbetrag",
    "remaining": "übrig",
    "totalCreditBalance": "Gesamt-Credit Bilanz",
    "pageNotFound": "Seite nicht gefunden",
    "genericRequired": "Dieses Feld ist erforderlich",
    "genericAcceptance": "{0} muss akzeptiert werden",
    "genericMin": "{0} muss größer als oder gleich {1}",
    "genericMax": "{0} muss kleiner als oder gleich {1}",
    "genericRange": "{0} muss zwischen {1} und {2} sein",
    "genericLength": "{0} muss {1} Zeichen sein",
    "genericMinLength": "{0} muss mindestens {1} Zeichen",
    "genericMaxLength": "{0} darf höchstens {1} Zeichen sein",
    "genericRangeLength": "{0} muss zwischen {1} und {2} Zeichen lang sein",
    "genericOneOf": "{0} muss einer der folgenden sein   : {1}",
    "genericEqualTo": "{0} muss die gleiche sein wie {1}",
    "genericPattern": "{0} muss eine gültige {1} sein",
    "genericNotFound": "Artikel wurde nicht gefunden",
    "phoneMissing": "Telefonnummer erforderlich",
    "invalidPhone": "Bitte geben Sie die gültige Telefonnummer ein",
    "invalidPhoneLength": "Die Telefonnummer sollte 10 Ziffern sein",
    "invalidZipcode": "Bitte geben Sie eine gültige Postleitzahl ein",
    "invalidOrderNumber": "Bitte geben Sie die gültige Bestellnummer ein",
    "streetMissing": "Erforderlich, Straße, Hausnummer",
    "cityMissing": "Stadt oder Gemeinde erforderlich",
    "stateProvMissing": "Bundes erforderlich",
    "postalCodeMissing": "PLZ erforderlich",
    "countryMissing": "Bitte treffen Sie eine Auswahl Land",
    "firstNameMissing": "Vorname Pflicht",
    "lastNameMissing": "Erforderlich Nachname",
    "paymentTypeMissing": "Bitte wählen Sie eine Zahlungsart",
    "cardTypeMissing": "Bitte wählen Sie Ihre Karte Typ",
    "cardNameMissing": "Bitte geben Sie die Namen auf Ihrer Karte",
    "cardNumberMissing": "Bitte geben Sie Ihre Kartennummer",
    "cardExpInvalid": "Bitte geben Sie ein Ablaufdatum in der Zukunft",
    "securityCodeMissing": "Bitte geben Sie den Sicherheitscode Ihrer Karte",
    "reenterCVV": "Bitte überprüfen Sie den Sicherheitscode Ihrer Karte",
    "cardBillingMissing": "Bitte wählen Sie oder geben Sie eine Rechnungsadresse für diese Kreditkarte.",
    "emailMissing": "Bitte geben Sie eine gültige E-Mail-Adresse",
    "passwordMissing": "Bitte geben Sie ein Passwort",
    "oldPasswordMissing": "Bitte geben Sie aktuelles Passwort ein",
    "invalidOldPassword": "Bitte geben Sie ein gültiges altes Passwort ein",
    "newPasswordMissing": "Bitte geben Sie ein neues Passwort ein",
    "confirmPasswordMissing": "PBitte bestätigen Sie das Passwort",
    "invalidPassword": "Kennwort scheint kein gültiges Kennwort zu sein. Passwort muss mindestens 8 Zeichen mit mindestens 1 Zahl und 1 alphabetischem Zeichen sein",
    "passwordsDoNotMatch": "Passwörter nicht überein, bitte neu eingeben",
    "passwordminlength": "Kennwort muss mindestens {0} Zeichen mit mindestens 1 Zahl und 1 alphabetischem Zeichen sein.",
    "passwordmaxlength": "Kennwort muss maximal {0} Zeichen mit mindestens 1 Zahl und 1 alphabetischem Zeichen sein.",
    "emailwrongpattern": "Email does not appear to be a valid e-mail address. Please use the format name@domain.xxx.",
    "passwordlength": "Password must be a minimum of 8 characters with at least 1 number and 1 alphabetic character.",
    "chooseRecoveryQuestion": "Please select a recovery question.",
    "recoveryAnswerMissing": "Please enter a recovery answer.",
    "chooseShippingMethod": "Bitte wählen Sie eine Versandmethode.",
    "didNotAgreeToTerms": "Sie müssen zu den Bedingungen einverstanden",
    "enterProductQuantity": "Bitte geben Sie eine Produktmenge über 0",
    "enterQuantity": "Bitte geben Sie eine Menge von {0} über 0 ein",
    "quantityZeroError": "Quantity can't be zero.",
    "enterReturnReason": "Bitte wählen Sie ein Rückgabegrund.",
    "enterReturnQuantity": "Bitte geben Sie eine Menge über 1 zurückzukehren.",
    "enterOtherComments": "Bitte geben Sie einen Kommentar, die die Gründe für diese Rückkehr.",
    "other": "Andere (bitte Kommentar)",
    "missingParts": "Fehlende Teile oder Zubehör",
    "damaged": "Produkt-, Kasten-oder Umschlag beschädigt",
    "differentExpectations": "Anders als das, was erwartet wurde,",
    "defective": "Defekt - nicht richtig funktioniert",
    "noLongerWanted": "Nicht mehr benötigte / wanted",
    "late": "Kam zu spät",
    "wrongCountryForType": "Bitte wählen Sie ein Land für diesen Kontakt Typ unterstützt",
    "digitalCodeAlreadyUsed": "Dieser Code wurde bereits verwendet.",
    "digitalCreditExceedsBalance": "Der Betrag, gelten übersteigt die verbleibende Gesamt.",
    "digitalCreditNoRemainingFunds": "Dieser Code hat keine verbleibenden Mittel.",
    "digitalCreditNotYetActive": "Dieser Code wird nicht aktiv, bis {0}.",
    "digitalCreditExpired": "Dieser Code lief am {0}.",
    "clearAllFilters": "Alles löschen",
    "toggleListView": "toggleListView",
    "toggleGridView": "toggleGridView",
    "productImagePlaceholder": "[kein Bild]",
    "packageWeight": "Paket-Gewicht",
    "shortDesc": "Zusammenfassung",
    "options": "Optionen",
    "addToCart": "In den Warenkorb legen",
    "notPurchasable": "Kann nicht in den Warenkorb",
    "addToWishlist": "Zur Wunschliste hinzufügen",
    "addedToWishlist": "Zur Wunschliste hinzugefügt",
    "fullDesc": "Beschreibung",
    "bundleContents": "Bundle Inhalt",
    "properties": "Eigenschaften",
    "measurements": "Messungen",
    "noImages": "kein Bild",
    "more": "mehr",
    "checkLocalStores": "Überprüfen Sie den lokalen Speicher",
    "mfgPartNumber": "Mfg Teilenummer",
    "msrp": "UVP",
    "upc": "UPC",
    "weight": "Gewicht",
    "length": "Länge",
    "width": "Breite",
    "height": "Höhe",
    "localStores": "STORES",
    "findStores": "Find A Store!",
    "locateStore": "Locate a Christmas Tree Shops Near You",
    "storeDirection": "GET DIRECTIONS",
    "storeHours": "STORE HOURS",
    "monday": "Mon",
    "tuesday": "Tue",
    "wednesday": "Wed",
    "thusday": "Thu",
    "friday": "Fri",
    "saturday": "Sat",
    "sunday": "Sun",
    "invalidStoreLocation": "Invalid Location.",
    "noNearByStores": "Location is not granular enough.",
    "emptyStoreSearch": "Please enter a valid location.",
    "findAtLocalStore": "Finden an einem lokalen Speicher",
    "locationWait": "Wir suchen nach lokalen Geschäften suchen. Ihr Browser kann für die Erlaubnis, Ihren Standort zu fragen. Klicken Sie auf \\ LINK \\ to sort the search results by distance.",
    "locationWaitProd": "Wir suchen lokale Geschäfte für <strong> {0} </ strong>. Ihr Browser kann für die Erlaubnis, Ihren Standort zu fragen. Klicken Sie auf \\ LINK \\  to sort the search results by distance.",
    "Store Information": "Shop Informationen",
    "storePickup": "Shop Abholen",
    "outOfStock": "Ausverkauft",
    "availableNow": "Jetzt erhältlich",
    "noNearbyLocations": "Keine Orte in der Nähe gefunden werden konnte.",
    "noNearbyLocationsProd": "Keine nahe gelegenen Orten könnte für dieses Produkt gefunden werden.",
    "milesAway": "{0} Meilen entfernt",
    "positionError": "Ihre Position nicht ermittelt werden konnte. Angezeigte speichert nicht in Ordnung.",
    "notifyWidgetHeader": "Benachrichtigen Sie mich, wenn dieses Produkt wieder lieferbar ist.",
    "notifyWidgetButton": "Benachrichtigen",
    "notifyWidgetSuccess": "Sie werden benachrichtigt, sobald der Artikel wieder auf Lager ist.",
    "notifyWidgetError": "Es gab einen Fehler oder Forums. Bitte versuchen Sie es erneut.",
    "notifyWidgetEmailDuplicateError": "Diese E-Mail-Adresse ist bereits zur Benachrichtigung registriert.",
    "dealOfTheDay": "Angebot des Tages",
    "exclusivePricelist": "Die folgenden Produkte sind nicht zum Kauf zur Verfügung und wurden entfernt.",
    "newPriceList": "Sie sind nun berechtigt, für spezielle Preise.",
    "openCart": "Warenkorb ansehen",
    "footerSignUpEmail": "Sign up for email and receive $10 off your order of $50 or more!",
    "connectWithUs": "Verbinde dich mit uns",
    "storeLocator": "Händlersuche",
    "shop": "shop",
    "viewOurLatestFlyer": "view our latest flyer",
    "findAStore": "Find A Store",
    "storeTitle": "Händlersuche | Christmas Tree Shops andThat!",
    "storeDetails": "Erweiterter Gesundheits- und Schönheitssektor",
    "seeMore": "see more",
    "prev": "prev",
    "visitOurSites": "Visit our other sites:",
    "copyWriteText": "Christmas Tree Shops.",
    "find": "Find",
    "enterZipCode": "Enter Zipcode",
    "yourEmailAddress": "Enter Email Address",
    "sortByNewArrivals": "Neu eingetroffen",
    "sortByRatingDesc": "Bewertung: High to Low",
    "sortByOurPicks": "Unsere Picks",
    "sortByBestSelling": "Meistverkauft",
    "recommendedForYou": "Recommended For You",
    "merchandiseSubtotal": "Merchandise Subtotal",
    "moreItems": "more item(s)...",
    "backToTop": "Back to Top",
    "viewAll": "View All",
    "cdnPath": "{0}/cms/files/",
    "imagePathFormat": "{0}/cms/files/{1}.jpg",
    "imagePDPPathFormat": "{0}/cms/files/{1}_{2}.jpg",
    "rolloverToZoom": "Rollover zum Vergrößern",
    "tab_availability": "Availability",
    "tab_product-crosssell": "Product Cross-Sells",
    "tab_popularity": "Popularity",
    "tab_rating": "Rating",
    "tab_product-related": "Related Products",
    "tab_product-upsell": "Product Upsells",
    "tab_limitPerOrder": "limitPerOrder",
    "tab_Promo": "Promo",
    "tab_Styles": "Styles",
    "tab_Materials": "Materials",
    "tab_Promo_End_Date": "Promo End Date",
    "tab_Dimension_and_Care": "Dimension and Care",
    "tab_BestSelling": "BestSelling",
    "tab_Video_Id": "Video Id",
    "tab_Promo_Start_Date": "Promo Start Date",
    "tab_Video_Thumbnail": "Video Thumbnail",
    "tab_Promo_Thumbnail": "Promo Thumbnail",
    "tab_InfoTabs": "Info Tabs",
    "tab_CAWarning": "CA Warning",
    "tab_Prop_65": "Prop 65",
    "Content_CAWarning": "CAWarning goes here!",
    "Content_Prop_65": "Prop 65 goes here!",
    "emailMe": "Maile mir",
    "whenAvailable": "wenn verfügbar",
    "RefineBy": "Verfeinern durch",
    "quickView": "Quick view",
    "overview": "Overview",
    "readAReview": "Lesen Sie eine Rezension",
    "fullProductDetails": "Vollständige Produktdetails",
    "subscribedMessage": "✔ News und Specials zum Store abonnieren",
    "unSubscribedMessage": "✖ Abbestellt, um Nachrichten und Specials zu speichern",
    "quantityError": "Bitte geben Sie eine gültige Menge ein",
    "couponCodeError": "Der Gutschein kann nicht hinzugefügt werden. Bitte neu laden und erneut versuchen",
    "outOfStockError": "hat eine begrenzte Menge oder ist ausverkauft.",
    "invalidVerificationField": "Bitte geben Sie ein gültiges Bestätigungsfeld ein.",
    "storeHoursInfo": "Öffnungszeiten & Info",
    "accountImageFormat": "{0}/cms/files/{1}_v1.jpg",
    "accountImageFormatWithColor": "{0}/cms/files/{1}_{2}_v1.jpg",
    "year": "Year",
    "month": "Month",
    "multiShipAddressSummary": "Shipping to {0} addresses",
    "itemQuantity": "Quantity",
    "searchQuery": "Search Query",
    "mobileNavigation": "Mobile Navigation",
    "utilityNav": "Utility Navigation",
    "siteNavigation": "Site Navigation",
    "productwithoutSku": "Product without Sku",
    "customerService": "Customer Service",
    "aosBarText": "Logged in as Store # - {0} | Associate ID - {1} -",
    "aosIdMsg": "Associate Id is required 5 digit number",
    "storeNoMsg": "Store Number is required 3 digit number",
    "successfullyAddedItems": "Die folgenden Artikel wurden erfolgreich in Ihren Warenkorb gelegt",
    "contactusByEmail": "Um uns per Email zu kontaktieren",
    "myCommentQuestion": "Mein Kommentar / Frage betrifft",
    "send": "Senden",
    "contactUsMessage": "Botschaft",
    "contactUsMessageMissing": "Bitte gib deine Nachricht ein",
    "selectTopic": "Wähle ein Thema",
    "videoImage": "{0}.jpg",
    "promotionDetails": "Details zur Werbeaktion",
    "emailExist": "E-Mail-Adresse, die bereits mit einer Anmeldung verknüpft ist",
    "orWith": "OR with",
    "captchaTitle": "CAPTCHA",
    "captchaPara": "Geben Sie die Zeichen ein, die auf dem Bild gezeigt werden",
    "captchaStatusMessage": "Recaptcha erfordert eine Überprüfung.",
    "gcMissing": "Geschenkkarte erforderlich",
    "gcInvalid": "Bitte geben Sie eine gültige Geschenkkarte ein",
    "gcCheckBalanceHeader": "GESCHENKKARTEN-BALANCE",
    "gcCheckBalanceSubHeader": "IHR GIFT CARD BALANCE ZU ÜBERPRÜFEN IST EINFACH. SIMPLY GEBEN SIE IHRE GESCHENKKARTENNUMMER EIN und KLICKEN SUBMIT",
    "gcSuccessMsg": "Ihr verbleibendes Geschenkguthaben ist",
    "gcErrorMsg": "Der Scheckkartenguthaben-Scheck ist vorübergehend nicht verfügbar. Wir entschuldigen uns für diese Unannehmlichkeit. Bitte komm später wieder, um es noch einmal zu versuchen.",
    "selectValidOption": "Wählen Sie gültige Option (en)",
    "selectValidOptionProduct": "Wählen Sie gültige Option (en) für {0}",
    "contactus": "Contact Us",
    "requiredField": "Indicates a required field",
    "checkoutPaypal": "Checkout via Paypal",
    "paypalMessage": "Sie werden auf die PayPal-Website weitergeleitet"
}