{
    "toggleToMultiShip": "I want to ship to multiple addresses",
    "toggleToSingleShip": "Ship to single address",
    "purchaseOrder": "Purchase Order",
    "purchaseOrderAmount": "Amount",
    "purchaseOrderNumber": "PO Number",
    "purchaseOrderNumberMissing": "Purchase order number required",
    "purchaseOrderPaymentTerms": "Payment Terms",
    "selectPurchaseOrderPaymentTerm": "Select a Payment Term",
    "purchaseOrderPaymentTermMissing": "Payment term required",
    "purchaseOrderCustomFieldMissing": "Purchase order field required, see below",
    "missing": "missing",
    "inStorePickup": "In-Store Pickup",
    "unavailableForThisItem": "Unavailable for this item.",
    "shipItems": "Ship Items",
    "shippingTo": "Items shipping to",
    "inStoreOnly": "This item is available in-store only.",
    "changeStore": "Change store",
    "digitalDeliveryOnly": "This item is available via digital delivery only.",
    "selectStore": "Select Store",
    "volumePriceQuantity": "Quantity",
    "volumePriceUnitPrice": "Unit Price",
    "volumePriceSavings": "Savings",
    "volumePriceMinMaxQty": "{0} - {1}",
    "volumePriceMinOnlyQty": "{0}+",
    "mapPrice": "add to cart to see final price",
    "additionalInformation": "Additional Information",
    "printWindowPrintButton": "Print",
    "printWindowCancelButton": "Cancel",
    "returnPrintLabelButton": "Print",
    "shippingDestinationEditAddress": "Edit Address",
    "dateFormat": "F j, Y",
    "logOut": "Log out",
    "signOut": "Sign Out",
    "signOutDetail": "Sign out of your account",
    "logIn": "Log In",
    "logIn2": "Sign in to your account",
    "anonOrderNumberMissing": "The order number you provided was not found. Please validate the order number and try again or contact customer service.",
    "anonAuthError": "Sorry, the information you provided did not match our records. Please check the information that you provided and try again or contact the customer service department.",
    "signUp": "Sign Up",
    "signupEmailupdates": "Sign me up for Christmas Tree Shops Email Updates about new services and special offers!",
    "recoveryQuestion": "Select a recovery question",
    "recoveryAnswer": "Enter Answer",
    "secureConnectionMessage": "Your Connection to this website is secure.",
    "signUpLink": "Create an Account",
    "forgotPassword": "Forgot Password",
    "liteRegForgotPasswordLabel": "Forgot Password?",
    "orderStatus": "Order Status",
    "order": "Order",
    "verifyWith": "Verify With",
    "verification": "Verification",
    "billingPostalCode": "Billing Zip Code",
    "billingPhoneNumber": "Billing Phone Number",
    "viewCart": "Shopping Bag",
    "search": "Search",
    "of": "of",
    "or": "or",
    "from": "from",
    "all": "All",
    "save": "Save",
    "add": "Add",
    "allRightsReserved": "All rights reserved.",
    "poweredBy": "Powered by Mozu",
    "product": "Product",
    "upcInStock": "In Stock",
    "productOutOfStock": "* This item is out of stock.",
    "itemOutOfStock": "This item is no longer in stock.",
    "productOutOfStockError": "The following item(s) have limited quantity or are out of stock",
    "productaddToCartError": "The following item(s) are not added to cart",
    "productwithoutSku": "Product without Sku",
    "item": "Item",
    "price": "Price",
    "qty": "Qty",
    "each": "Each",
    "total": "Total",
    "subtotal": "Subtotal",
    "tax": "Tax",
    "taxDuty": "Duties and Taxes",
    "shippingHandling": "Shipping & Handling",
    "additionalHandling": "Additional Handling:",
    "digitalCreditTotal": "Gift Cards",
    "digitalCreditSubtractFromOrderPrefix": "(",
    "digitalCreditSubtractFromOrderSuffix": ")",
    "remainingBalance": "Remaining Balance",
    "clear": "Clear",
    "cancel": "Cancel",
    "close": "close",
    "sendEmail": "Send Email",
    "productCode": "Product Code",
    "remove": "Remove",
    "del": "Delete",
    "edit": "Edit",
    "next": "Next",
    "submit": "Submit",
    "actions": "Actions",
    "status": "Status",
    "comments": "Comments",
    "couponCode": "Coupon Code",
    "invalidCouponCode": "Sorry, does not appear to be a valid coupon code.",
    "couponDisclaimer": "Note: \"{0}\" may be reflected in checkout.",
    "apply": "Apply",
    "nameOnCheck": "Name On Check",
    "routingNumber": "Routing Number",
    "checkNumber": "Check Number",
    "cardType": "Card Type",
    "cardNumber": "Card Number",
    "nameOnCard": "Name On Card",
    "expires": "Expires",
    "securityCode": "Security Code (CVV2)",
    "phone": "Phone",
    "email": "Email",
    "emailAddress": "Email Address",
    "logInInput": "User Name or Email Address",
    "creditCard": "Credit Card",
    "newCreditCard": "New Credit Card",
    "savedCreditCard": "Saved Credit Card",
    "selectSavedCreditCard": "Select a credit card",
    "change": "change",
    "removePayment": "remove",
    "editSavedCard": "Edit saved credit card information",
    "ccVisa": "Visa",
    "ccMastercard": "MasterCard",
    "ccAmericanExpress": "American Express",
    "ccDiscover": "Discover",
    "ccJcb": "JCB",
    "payPal": "Paypal Express",
    "password": "Password",
    "enterPassword": "Enter Password",
    "reEnterPassword": "Re-enter Password",
    "newPassword": "New Password",
    "oldPassword": "Old Password",
    "passwordChanged": "Password successfully changed",
    "confirmPassword": "Confirm Password",
    "billingContact": "Billing Contact",
    "shippingContact": "Shipping Contact",
    "firstName": "First Name",
    "lastName": "Last Name",
    "address": "Address",
    "addressType": "Address Type",
    "residential": "Residential",
    "commercial": "Commercial",
    "select": "Select",
    "city": "City",
    "country": "Country",
    "state": "State",
    "province": "Province",
    "stateOrProvince": "State/Province",
    "postalCode": "Zip/Postal Code",
    "postalTown": "Postal Town",
    "freeShipping": "Free Shipping",
    "trackingNumber": "Tracking Number",
    "totalWeight": "Total Weight",
    "pickupDate": "Pickup Date",
    "location": "Location",
    "previousPage": "Previous Page",
    "nextPage": "Next Page",
    "pageStatePlural": "Showing {0} - {1} of {2}",
    "pageStateSingular": "Showing 1 of 1",
    "show": "Show",
    "resultsPerPage": "results per page",
    "sortBy": "Sort by",
    "default": "Default",
    "sortByPriceAsc": "Price: Low to High",
    "sortByPriceDesc": "Price: High to Low",
    "sortByNameAsc": "Alphabetical: A-Z",
    "sortByNameDesc": "Alphabetical: Z-A",
    "sortByDateAsc": "Date Added: Most Recent Last",
    "sortByDateDesc": "Date Added: Most Recent First",
    "registeredCustomer": "Registered customer?",
    "register": "Register",
    "stackTrace": "Details",
    "pleaseSelect": "Please Select",
    "forgotPasswordLink": "forgot password?",
    "resetPassword": "Reset Password",
    "resetEmailSent": "You should receive an email with instructions to reset your password shortly.",
    "resetPasswordDone": "Your new password has been set. Please login.",
    "unexpectedError": "Sorry, an unexpected error occurred. Please refresh the page and try again, or contact Support.",
    "navMore": "More...",
    "blankSearchResult": "Please enter a keyword or item number.",
    "searchLessCharacters": "Your keyword or item number must be at least 3 characters long",
    "searchResults": "Search Results",
    "searchTitle": "Search Results for {0}",
    "noResultsTitle": "No results for {0}",
    "sorryLabel": "We're Sorry",
    "noResultsText": "We couldn’t find ",
    "anotherSearchText": "Please try another search",
    "searchResultsSummary": "Your search for \"{0}\" within {1} returned {2} results. <a href=\"#\" data-mz-action=\"expandSearch\">Repeat this search across all categories.</a>",

    "cart": "Cart",
    "yourCart": "Your Cart",
    "itemTotal": "Total",
    "cartEmpty": "You have no items in your cart.",
    "taxAtCheckout": "Tax & Shipping Calculated at Checkout",
    "orderTotal": "Order Total",
    "emptyCart": "Empty Cart",
    "proceedToCheckout": "Checkout",
    "cartCheckout": "Cart Checkout",
    "storePickupAt": "In-Store Pickup at <strong>{0}</strong>",
    "checkout": "Checkout",
    "orderSummary": "Order Summary",
    "shippingInformation": "Ship To",
    "noFulfillmentInfoRequired": "No shipping information is required since all items will be picked up in the store or digitally fulfilled.",
    "selectValidAddress": "Select an address from these alternatives:",
    "addressValidationError": "We could not validate this address. Please check the address you entered and try again.",
    "suggestionNum": "Suggestion #{0}",
    "shippingMethod": "Ship Method",
    "shippingMethodSelector": "Select Ship Method",
    "selectBillingContact": "Select Billing Contact",
    "selectShippingContact": "Select Shipping Contact",
    "packagingType": "Packaging Type",
    "noShippingMethods": "Sorry, no shipping methods are available.",
    "digitalFulfillmentContact": "Digital Gift Card",
    "paymentInformation": "Payment",
    "saveCard": "Save credit card information",
    "billingAddress": "Billing Address",
    "savedPaymentMethods": "Saved Payment Methods",
    "selectSavedPaymentMethod": "Select a saved payment method",
    "enterNewPaymentMethod": "Enter a new payment method",
    "paymentType": "Payment Type",
    "selectPaymentType": "Select a payment type",
    "paypalExpress": "PayPal Express",
    "payPalTagline": "The safer, easier way to pay.",
    "paypalExpressInfo": "When you click 'Next', you will be taken to PayPal to complete your transaction.",
    "paypalExpressSummary": "This transaction will be processed by PayPal Express.",
    "paypalExpressCancelled": "The Paypal Express transaction was cancelled.  Please select another payment method.",
    "checkByMail": "Check by Mail",
    "useShippingAddress": "Use my shipping address",
    "optIn": "Yes! I want to receive news and special offers from {0}!",
    "promoCodeError": "Sorry, '{0}' does not appear to be a valid coupon code.",
    "reviewOrder": "Complete Your Order",
    "reviewOrderText": "Please review all of the information on this page and, if necessary, make changes before placing your order.",
    "recalculatePayments": "Your order total has changed. Please re-enter your payment information to recalculate payment.",
    "agreeToTerms": "I agree to the <a href='/terms-of-use' target='_blank'>terms &amp; conditions</a>.",
    "createAccount": "Create an account for easy checkout on future orders",
    "placeOrder": "Place Order",
    "orderConfirmation": "Order Confirmation",
    "confirmationText": "Thank you for your order!  You will receive an email confirmation.",
    "yourOrderNumber": "Your order number is <strong>{0}</strong>.",
    "yourOrderStatus": "Your order status is <strong>{0}</strong>.",
    "customerId": "Customer #",
    "payments": "Payments",
    "orderDetails": "Order Details",
    "orderNumber": "Order Number",
    "orderNo": "Order #",
    "orderDate": "Order Date",
    "orderWelcome": "Hello",
    "storePickupFor": "Store Pickup for <strong>{0}</strong>",
    "storeName": "Store Name",
    "orderConfirmationBlob1": "Thank you for shopping with us at {0}. Your order is received and we are preparing it for shipment.  If you would like to view or manage your orders, please visit <a href=\"https://{1}/myaccount\">My Account</a>.",
    "checkOrderStatus": "Check Order Status",
    "emailOpening": "Hello {0}!",
    "emailOpeningAlternative": "Hello!",
    "emailHelpText": "For additional questions, please email us at <a href='mailto:{0}'>{0}</a> or call us at {1} so that we may assist you.",
    "emailClosing": "<p style=\"color: #333;\">Sincerely,<br />{0}</p>",
    "inStockBlob1": "<p style=\"color: #333;\">Thank you for shopping at {0}!  We have good news for you-- we now have the following item(s) in stock:</p>",
    "inStockBlob2": "<p style=\"color: #333;\">TO ADD THE ITEMS TO YOUR CART: <a href=\"https://{0}/p/{1}\">CLICK HERE</a>.</p>",
    "orderShipped": "Your Order Has Shipped",
    "orderShippedPkgHeader": "Shipped {0} via {1}",
    "orderShipmentBlob1": "<p style=\"color: #333;\">Thank you for shopping at {0}.  Your order has shipped. Once an order has shipped, it can no longer be updated. If you must return an item from this order or check on other orders,  please visit <a href=\"https://{1}/myaccount\">My Account</a>.</p>",
    "orderShipmentBlob2": "<p style=\"color: #333;\">Data on tracking may not show up in your account for at least 24 hours from ship date.</p>",
    "returnApprovedBlob1": "<p style=\"color: #333;\">Thank you for shopping at {0}. Your request to return the following item(s) has been accepted.</p>",
    "returnApprovedBlob2": "<p style=\"color: #333;\">To return your online purchase:</p><ol><li>Pack your return in the original shipping package, if possible.</li><li>Include the attached packing slip and return label, and indicate the reason for the return.</li><li>Include all original packing materials and accessories.</li><li>Send your return to:</li></ol>",
    "returnApprovedBlob3": "<p style=\"color: #333;\">You will receive another email when we receive the returned item(s).</p>",
    "returnRejectedBlob1": "<p style=\"color: #333;\">Thank you for shopping at {0}. We regret to inform you that your request to return the following item(s) has been rejected:</p>",
    "returnRejectedBlob2": "<p style=\"color: #333;\">If you would like more information about our return and exchange policy, please visit our Return & Exchange Policy page.</p>",
    "returnReceivedBlob1": "<p style=\"color: #333;\">Thank you for shopping at {0}. We wanted to let you know that we have received the following returned items:</p>",
    "returnReceivedBlob2": "<p style=\"color: #333;\">You will receive another email when we have processed your return.</p>",
    "returnOtherBlob1": "<p style=\"color: #333;\">Thank you for shopping at {0}. We wanted to let you know that your return status is now {1}.</p>",
    "returnOtherBlob2": "<p style=\"color: #333;\">You will receive another email when we have processed your return.</p>",
    "returnClosedBlob1": "<p style=\"color: #333;\">Please be informed that we have completed processing your refund request. You will receive your refund within 3-5?? business days using the original payment method used when the purchase was placed.</p>",
    "returnClosedBlob2": "<p style=\"color: #333;\">If you require any additional assistance, please feel free to contact customer service</p>",
    "orderRefundBlob": "<p style=\"color: #333;\">Thank you for shopping at {0}. We wanted to let you know that a refund has been applied to your order.</p>",
    "itemsShipped": "Shipment Details",
    "newUserEmailSalutation": "Welcome to {0},",
    "newUserEmailNotification": "Your customer account has been created and you can log in anytime at <a href=\"https://{0}\">https://{0}/</a> as <a href=\"mailto:{1}\">{1}</a>.",
    "emailPasswordTop": "We received a request to reset the password associated with this email address.  If you made this request, please click the link below, or copy and paste it into your browser's address window:",
    "emailPasswordBottom": "If you did not make this password reset request, then ignore this email.",
    "billingInformation": "Billing Information",
    "billingName": "Billing Name",
    "billingPhone": "Billing Phone",
    "billingEmail": "Billing Email",
    "billing": "Billing",
    "storeCredits": "Store Credits",
    "storeCreditAvailable": "You have the following store credits available:",
    "storeCreditApplied": "You have applied the following store credits to your order:",

    "digitalCredits": "Gift Card & Store Credit",
    "digitalCreditCode": "Code",
    "digitalCreditBalance": "Balance",
    "digitalCreditAmtToUse": "Amt. to Apply",
    "digitalCreditRemainder": "Remainder",
    "digitalCreditAddToAccount": "Add to my account",

    "digitalCreditApplied": "You have applied the following gift card or store credit payments to your order:",

    "remainingTotal": "Your remaining total is: ",
    "applyCredit": "Apply Credit",

    "mailCheckTo": "Mail check to",
    "shipTo": "Ship to",
    "shippedTo": "Shipped to",
    "giftMessage": "Gift Message",
    "customerAlreadyExists": "A customer is already registered as {0}. <a href=\"/user/login?returnUrl={1}\">Login as this customer</a>",
    "noPaymentRequired": "Your total is {0}, so no payment method is required.",
    "noPaymentWasRequired": "Your total was {0}, so no payment method was required.",

    "giftCardEmailBanner": "<!--<a href=\"{0}\"><img src=\"//:0\"/></a>-->",
    "giftCardEmailGreeting": "Hello {0} {1},",
    "giftCardEmailImage": "<!--<a href=\"{0}\"><img src=\"//:0\"/></a>-->",
    "giftCardEmailIntro": "<p>Thank you for purchasing a {0} Gift Card.  Do not delete this message -- to redeem the gift card you must use the gift card claim code below.  You may want to print a copy of this message for easy reference later.</p>",
    "giftCardEmailAmount": "Gift Card Amount:",
    "giftCardEmailClaimCode": "Claim Code:",
    "giftCardEmailInstructions": "Follow these steps to redeem the gift card:<ul><li>Visit <a href=\"://{0}\">{0}</a></li> <li>Enter the Claim Code when prompted during checkout.</li>   <li>Gift card funds will then be applied automatically to orders.<br/>NOTE: if you have an account, the remaining funds will be added to your account.  If you do not have an account, you will need to use the claim code again to use the remaining funds on any future purchases.</li> <li>You must pay for any remaining balance on your order with another payment method.</li>  </ul>",
    "giftCardEmailClosing": "<p> If you have questions about redeeming your gift card, please visit <a href=\"://{0}\">{0}</a> </p> <p>Sincerely,</p><p>Customer Service</p>",

    "errorApology": "Sorry, an error occurred.",
    "errorDetail": "Our software encountered an error it couldn't resolve.",

    "myAccount": "My Account",
    "myInformation": "My Information",
    "myInformationDetails": "Review and edit your email address, your password, your password hint information and/or your billing address.",
    "yourAccount": "Your Account",
    "accountSettings": "Account Settings",
    "accountMyWishlist": "My Wishlist",
    "accountYourWishlist": "Your Wishlist",
    "accountNoWishlists": "You do not have any wishlist items.",
    "accountNoOrders": "You have not placed any orders.",
    "accountNoReturns": "You have not requested any returns.",
    "accountNoCredits": "You have no store credits.",
    "orderHistory": "Order History",
    "orderHistoryDetails": "Review all orders placed with us using this account.",
    "paymentMethod": "Payment Method",
    "paymentMethods": "Payment Methods",
    "addressBook": "Address Book",
    "addressBookDetails": "View, edit, or delete addresses in your personal address book",
    "wishlist": "Wish Lists",
    "wishlistDetails": "Create and maintain lists of the items you'd like to receive, then email them to your friends and family.",
    "storeCredit": "Store Credit",
    "digitalCredit": "Gift Cards & Store Credits",
    "accountOptIn": "Please keep me up to date on store news and specials",
    "viewOrderHistory": "View order history",
    "changePassword": "Change Password",
    "shipped": "Shipped",
    "trackPackage": "Track Package",
    "return": "Return",
    "returns": "Returns",
    "refund": "Refund",
    "replace": "Replace",
    "returnOrReplace": "Return or Replace Items",
    "returnRequestDate": "Return Request Date",
    "addNewCard": "Add new card",
    "noSavedCards": "You have no saved payment methods.",
    "confirmDeleteCard": "Are you sure you want to delete the credit card {0}?",
    "contactType": "Type",
    "primary": "Primary",
    "addNewContact": "Add new address",
    "noSavedContacts": "You have no saved addresses.",
    "confirmDeleteContact": "Are you sure you want to delete the address {0}?",
    "confirmDeleteContact2": "This will delete all associated credit cards!",
    "removeFromWishlist": "Remove From Wishlist",
    "addedToCart": "{0} has been added to your cart.",
    "leaveOnWishlist": "Leave On Wishlist",
    "confirmRemoveFromWishlist": "Are you sure you want to remove {0} from your wishlist?",
    "selectBillingAddress": "Select Billing Address",
    "enterNewAddress": "Enter New Address",
    "reasonForReturn": "Reason for Return",
    "quantityToReturn": "Quantity to Return",
    "optionalComments": "Comments (Optional)",
    "returnType": "Return Type",
    "returnInfo": "Please fill out this form to request a return. Returns are requested per item, rather than per order or shipment. View the <a href=\"/returnpolicy\" target=\"_blank\">Return Policy</a> to learn more.",
    "returnTotal": "Return Total",
    "returning": "Returning",
    "returnDetails": "Return Details",
    "returnNumber": "RMA #",
    "enterStoreCredit": "Enter Store Credit Number",
    "storeCreditNumber": "Store Credit Number",

    "enterDigitalCredit": "Enter Gift Card or Store Credit Code",
    "digitalCreditAvailable": "You have the following gift cards & store credits available:",
    "digitalCreditsAnchor": "giftcards",

    "creditDate": "Activation Date",
    "creditAmount": "Credit Amount",
    "remaining": "Remaining",
    "totalCreditBalance": "Total Credit Balance",

    "pageNotFound": "Page Not Found",

    "genericRequired": "This field is required",
    "genericAcceptance": "{0} must be accepted",
    "genericMin": "{0} must be greater than or equal to {1}",
    "genericMax": "{0} must be less than or equal to {1}",
    "genericRange": "{0} must be between {1} and {2}",
    "genericLength": "{0} must be {1} characters",
    "genericMinLength": "{0} must be at least {1} characters",
    "genericMaxLength": "{0} must be at most {1} characters",
    "genericRangeLength": "{0} must be between {1} and {2} characters",
    "genericOneOf": "{0} must be one of: {1}",
    "genericEqualTo": "{0} must be the same as {1}",
    "genericPattern": "{0} must be a valid {1}",
    "genericNotFound": "Item was not found",
    "phoneMissing": "Phone number required",
    "invalidPhone": "Please enter valid Phone number",
    "invalidPhoneLength": "Phone number should be of 10 digits",
    "invalidZipcode": "Please enter valid Zip Code",
    "invalidOrderNumber": "Please enter valid Order Number",
    "streetMissing": "Street address required",
    "cityMissing": "City or town required",
    "stateProvMissing": "State or province required",
    "postalCodeMissing": "Postal code required",
    "countryMissing": "Please make a country selection",
    "addressTypeMissing": "Please make a address type selection",
    "firstNameMissing": "First name required",
    "lastNameMissing": "Last name required",
    "paymentTypeMissing": "Please select a payment type",
    "selectASavedCard": "Please select a saved card",
    "cardTypeMissing": "Please enter a valid card",
    "cardNameMissing": "Please enter the name printed on your card",
    "cardNumberMissing": "Please enter your card number",
    "cardExpInvalid": "Please enter an expiration date in the future",
    "securityCodeMissing": "Please enter your card's security code",
    "reenterCVV": "Please verify your card's security code",
    "cardBillingMissing": "Please select a billing contact for this credit card.",
    "emailMissing": "Please enter a valid email address",
    "passwordMissing": "Please enter a password",
    "passwordsDoNotMatch": "Passwords did not match, please reenter",
    "oldPasswordMissing": "Please enter current password",
    "invalidOldPassword": "Please enter valid old password",
    "newPasswordMissing": "Please enter a new password",
    "confirmPasswordMissing": "Please enter confirm password",
    "passwordminlength": "Password must be a minimum of {0} characters with at least 1 number and 1 alphabetic character.",
    "passwordmaxlength": "Password must be a maximum of {0} characters with at least 1 number and 1 alphabetic character.",
    "invalidPassword": "Password does not appear to be a valid password. Password must be a minimum of 8 characters with at least 1 number and 1 alphabetic character",
    "emailwrongpattern": "Email does not appear to be a valid e-mail address. Please use the format name@domain.xxx.",
    "passwordlength": "Password must be a minimum of 8 characters with at least 1 number and 1 alphabetic character.",
    "chooseRecoveryQuestion": "Please select a recovery question.",
    "recoveryAnswerMissing": "Please enter a recovery answer.",
    "chooseShippingMethod": "Please select a shipping method.",
    "didNotAgreeToTerms": "You must agree to the terms and conditions",
    "enterProductQuantity": "Please enter a product quantity above 0",
    "enterQuantity": "Please enter quantity of {0} above 0",
    "quantityZeroError": "Quantity can't be zero.",
    "selectValidOption": "Select Valid Option(s)",
    "selectValidOptionProduct": "Select Valid Option(s) for {0}",
    "enterReturnReason": "Please select a return reason.",
    "enterReturnQuantity": "Please enter a quantity above 1 to return.",
    "enterOtherComments": "Please enter a comment explaining the reason for this return.",
    "other": "Other (please comment)",
    "missingParts": "Missing parts or accessories",
    "damaged": "Product, box or envelope are damaged",
    "differentExpectations": "Different from what was expected",
    "defective": "Defective - does not work properly",
    "noLongerWanted": "No longer needed/wanted",
    "late": "Arrived too late",
    "wrongCountryForType": "Please select a country supported for this contact type",
    "digitalCodeAlreadyUsed": "This code has already been used.",
    "digitalCreditExceedsBalance": "The amount to apply exceeds the total remaining.",
    "digitalCreditNoRemainingFunds": "This code has no remaining funds.",
    "digitalCreditNotYetActive": "This code does not become active until {0}.",
    "digitalCreditExpired": "This code expired on {0}.",

    "clearAllFilters": "Clear All",
    "toggleListView": "Toggle List View",
    "toggleGridView": "Toggle Grid View",

    "productImagePlaceholder": "[no image]",
    "packageWeight": "Package Weight",

    "shortDesc": "Summary",
    "options": "Options",
    "addToCart": "Add To Cart",
    "notPurchasable": "Not Purchasable",
    "addToWishlist": "Add To Wishlist",
    "addedToWishlist": "Added to wishlist",
    "fullDesc": "Description",
    "bundleContents": "Bundle Contents",
    "properties": "Properties",
    "measurements": "Measurements",
    "noImages": "no image",
    "more": "more",
    "checkLocalStores": "Check Local Stores",
    "mfgPartNumber": "Mfg. Part Number",
    "msrp": "MSRP",
    "upc": "UPC",
    "weight": "Weight",
    "length": "Length",
    "width": "Width",
    "height": "Height",

    "localStores": "STORES",
    "findStores": "Find A Store!",
    "storeDirection": "GET DIRECTIONS",
    "storeHours": "STORE HOURS",
    "monday": "Mon",
    "tuesday": "Tue",
    "wednesday": "Wed",
    "thusday": "Thu",
    "friday": "Fri",
    "saturday": "Sat",
    "sunday": "Sun",
    "locateStore": "Locate a Christmas Tree Shops Near You",
    "invalidStoreLocation": "Invalid Location.",
    "noNearByStores": "Location is not granular enough.",
    "emptyStoreSearch": "Please enter a valid location.",
    "findAtLocalStore": "Find it at a Local Store",
    "locationWait": "We're searching for local stores. Your browser may ask for permission to use your location. Click \"Allow\" to sort the search results by distance.",
    "locationWaitProd": "We're searching local stores for <strong>{0}</strong>. Your browser may ask for permission to use your location. Click \"Allow\" to sort the search results by distance.",
    "storeInformation": "Store Information",
    "storePickup": "Store Pickup",
    "outOfStock": "Out of stock",
    "availableNow": "Available Now",
    "noNearbyLocations": "Please try your search again. Make sure to enter a single city, state, or zip code.",
    "noNearbyLocationsProd": "No nearby locations could be found for this product.",
    "milesAway": "{0} miles away",
    "positionError": "Your position could not be determined. Displaying stores out of order.",
    "notifyWidgetHeader": "Notify me when this product is back in stock.",
    "notifyWidgetButton": "Notify Me",
    "notifyWidgetSuccess": "You will be notified when this product is back in stock.",
    "notifyWidgetError": "There was an error subscribing. Please try again.",
    "notifyWidgetEmailDuplicateError": "This email address is already registered for notification.",
    "dealOfTheDay": "Deal of the Day",
    "visaCheckoutEditReminder": "For security reasons you cannot edit the credit card information from Visa Checkout. If you proceed, your Visa Checkout details will be removed and this order will be processed without Visa Checkout.",
    "selectSavedAddress": "Select a saved address",
    "addAddress": "Add new address",
    "editAddress": "Edit address",
    "exclusivePricelist": "The following items are not available for purchase and have been removed.",
    "newPriceList": "You are now eligible for special pricing.",
    "openCart": "View Cart",
    "footerSignUpEmail": "Sign up for email and receive $10 off your order of $50 or more!",
    "connectWithUs": "Connect with us",
    "storeLocator": "Store locator",
    "shop": "shop",
    "viewOurLatestFlyer": "view our latest flyer",
    "findAStore": "Find A Store",
    "storeTitle": "Store locator | Christmas Tree Shops andThat!",
    "visitOurSites": "Visit our other sites:",
    "copyWriteText": "Christmas Tree Shops.",
    "storeDetails": "Expanded Health & Beauty Section",
    "seeMore": "see more",
    "prev": "prev",
    "find": "Find",
    "enterZipCode": "Enter Zipcode",
    "yourEmailAddress": "Enter Email Address",
    "sortByNewArrivals": "New Arrivals",
    "sortByRatingDesc": "Rating: High to Low",
    "sortByOurPicks": "Our Picks",
    "sortByBestSelling": "Best Selling",
    "recommendedForYou": "Recommended For You",
    "merchandiseSubtotal": "Merchandise Subtotal",
    "moreItems": "more item(s)...",
    "backToTop": "Back to Top",
    "viewAll": "View All",
    "cdnPath": "{0}/cms/files/",
    "imagePathFormat": "{0}/cms/files/{1}.jpg",
    "imagePDPPathFormat": "{0}/cms/files/{1}_{2}.jpg",
    "rolloverToZoom": "Rollover To Zoom",
    "tab_availability": "Availability",
    "tab_product-crosssell": "Product Cross-Sells",
    "tab_popularity": "Popularity",
    "tab_rating": "Rating",
    "tab_product-related": "Related Products",
    "tab_product-upsell": "Product Upsells",
    "tab_limitPerOrder": "limitPerOrder",
    "tab_Promo": "Promo",
    "tab_Styles": "Styles",
    "tab_Materials": "Materials",
    "tab_Promo_End_Date": "Promo End Date",
    "tab_Dimension_and_Care": "Dimension and Care",
    "tab_BestSelling": "BestSelling",
    "tab_Video_Id": "Video Id",
    "tab_Promo_Start_Date": "Promo Start Date",
    "tab_Video_Thumbnail": "Video Thumbnail",
    "tab_Promo_Thumbnail": "Promo Thumbnail",
    "tab_InfoTabs": "Info Tabs",
    "tab_CAWarning": "CA Warning",
    "tab_Prop_65": "Prop 65",
    "content_CAWarning": "CAWarning goes here!",
    "content_Prop_65": "Prop 65 goes here!",
    "emailMe": "Email me",
    "whenAvailable": "when available",
    "RefineBy": "Refine By",
    "quickView": "Quick view",
    "overview": "Overview",
    "readAReview": "Read a review",
    "fullProductDetails": "Full Product Details",
    "subscribedMessage": "✔ Subscribed to store news and specials",
    "unSubscribedMessage": "✖ Unsubscribed to store news and specials",
    "couponCodeRequired": "Please enter coupon code",
    "giftCardRequired": "Please enter gift card",
    "quantityError": "Please enter a valid quantity",
    "couponCodeError": "Unable to add coupon. Please reload and then try again",
    "outOfStockError": "has limited quantity or is out of stock.",
    "invalidVerificationField": "Please enter valid verification field.",
    "storeHoursInfo": "Hours & Info",
    "accountImageFormat": "{0}/cms/files/{1}_v1.jpg",
    "accountImageFormatWithColor": "{0}/cms/files/{1}_{2}_v1.jpg",
    "year": "Year",
    "month": "Month",
    "multiShipAddressSummary": "Shipping to {0} addresses",
    "itemQuantity": "Quantity",
    "searchQuery": "Search Query",
    "mobileNavigation": "Mobile Navigation",
    "utilityNav": "Utility Navigation",
    "siteNavigation": "Site Navigation",
    "sku": "Sku",
    "customerService": "Customer Service",
    "aosBarText": "Logged in as Store # - {0} | Associate ID - {1} -",
    "aosIdMsg": "Associate Id is required 5 digit number",
    "storeNoMsg": "Store Number is required 3 digit number",
    "successfullyAddedItems": "The following item(s) have successfully added to your cart",
    "contactusByEmail": "To Contact Us By Email",
    "myCommentQuestion": "My comment/question concerns",
    "send": "Send",
    "contactUsMessage": "Message",
    "contactUsMessageMissing": "Please enter your message",
    "selectTopic": "Select a topic",
    "videoImage": "{0}.jpg",
    "promotionDetails": "Promotion Details",
    "emailExist": "Email Address already associated with a login",
    "orWith": "OR with",
    "captchaTitle": "CAPTCHA",
    "captchaPara": "Enter the characters shown in the image",
    "captchaStatusMessage": "Recaptcha requires verification.",
    "gcMissing": "Gift Card required",
    "gcInvalid": "Please enter valid gift Card",
    "gcCheckBalanceHeader": "GIFT CARD BALANCE",
    "gcCheckBalanceSubHeader": "CHECKING YOUR GIFT CARD BALANCE IS EASY. SIMPLY ENTER YOUR GIFT CARD NUMBER AND CLICK 'SUBMIT'",
    "gcSuccessMsg": "Your remaining Gift Card balance is",
    "gcErrorMsg": "The Gift Card balance check is temporarily unavailable. We apologize for this inconvenience. Please come back later to try again.",
    "contactus": "Contact Us",
    "requiredField": "Indicates a required field",
    "selectedTopicMissing": "Please select a topic",
    "checkoutPaypal": "Checkout via Paypal",
    "paypalMessage": "You will be redirected to the PayPal website"
}